,year,site,plot,ksat_1,ksat_2,ksat_3,ksat_4,ksat_5,ksat_avg,site_type,land_use
1,2018,1,1,2.016480013,4.855251273,3.716060983,NA,NA,3.52926409,Community Garden/Urban Farm,Garden_non_food_producing
2,2018,2,2,13.65505018,6.284257812,38.00381435,NA,NA,19.31437411,Community Garden/Urban Farm,Garden_food_producing_in_ground
3,2018,3,3,13.65505018,6.284257812,38.00381435,NA,NA,19.31437411,Community Garden/Urban Farm,Garden_food_producing_in_ground
4,2018,4,4,2.016480013,4.855251273,3.716060983,NA,NA,3.52926409,Community Garden/Urban Farm,Maintained_lawn
5,2018,5,5,2.016480013,4.855251273,3.716060983,NA,NA,3.52926409,Community Garden/Urban Farm,Maintained_lawn
6,2018,6,6,13.65505018,6.284257812,38.00381435,NA,NA,19.31437411,Community Garden/Urban Farm,Garden_food_producing_in_ground
7,2018,7,7,0.608153982,1.277952083,2.320822473,NA,NA,1.402309513,Community Garden/Urban Farm,Maintained_lawn
8,2018,8,8,0.608153982,1.277952083,2.320822473,NA,NA,1.402309513,Community Garden/Urban Farm,Maintained_lawn
9,2018,9,9,0.608153982,1.277952083,2.320822473,NA,NA,1.402309513,Community Garden/Urban Farm,Maintained_lawn
10,2018,10,10,4.467587736,4.944692416,2.072682859,NA,NA,3.828321004,Park/Green Space,Maintained_lawn
11,2018,11,11,4.467587736,4.944692416,2.072682859,NA,NA,3.828321004,Park/Green Space,Maintained_lawn
12,2018,12,12,4.467587736,4.944692416,2.072682859,NA,NA,3.828321004,Park/Green Space,Maintained_lawn
13,2018,13,13,7.453485951,5.852901227,12.95582162,NA,NA,8.754069599,Park/Green Space,Maintained_lawn
14,2018,14,14,7.453485951,5.852901227,12.95582162,NA,NA,8.754069599,Park/Green Space,Maintained_lawn
15,2018,15,15,7.453485951,5.852901227,12.95582162,NA,NA,8.754069599,Park/Green Space,Maintained_lawn
16,2018,16,16,NA,NA,NA,NA,NA,NA,Park/Green Space,Maintained_lawn
17,2018,17,17,NA,NA,NA,NA,NA,NA,Park/Green Space,Maintained_lawn
18,2018,18,18,NA,NA,NA,NA,NA,NA,Park/Green Space,Maintained_lawn
19,2018,19,19,55.95388577,21.79701147,NA,NA,NA,38.87544862,Park/Green Space,Maintained_lawn
20,2018,20,20,55.95388577,21.79701147,NA,NA,NA,38.87544862,Park/Green Space,Maintained_lawn
21,2018,21,21,55.95388577,21.79701147,NA,NA,NA,38.87544862,Park/Green Space,Maintained_lawn
22,2018,22,22,0.830362342,1.087201814,NA,NA,NA,0.958782078,Residential,Maintained_lawn
23,2018,23,23,0.830362342,1.087201814,NA,NA,NA,0.958782078,Residential,Maintained_lawn
24,2019,1,1,4.972925788,4.878196747,6.580057875,NA,NA,5.477060137,Residential,Garden_non_food_producing
25,2019,2,2,5.764792952,8.85719831,NA,NA,NA,7.310995631,Residential,Maintained_lawn
26,2019,3,3,4.687853609,7.127211892,8.615514742,NA,NA,6.810193414,Residential,Maintained_lawn
27,2019,4,4,11.04813067,12.72055412,21.68449041,NA,NA,15.1510584,Park/Green Space,Maintained_lawn
28,2019,5,5,2.814005713,2.947524918,8.805562861,6.233578313,6.233578313,5.406850024,Park/Green Space,Maintained_lawn
29,2019,6,6,30.59969831,8.27479139,15.23191425,NA,NA,18.03546798,Park/Green Space,Maintained_lawn
30,2019,7,7,9.67978421,10.0345407,7.104211145,NA,NA,8.939512018,Park/Green Space,Maintained_lawn
31,2019,8,8,28.78327786,16.23346721,14.93260715,NA,NA,19.98311741,Park/Green Space,Maintained_lawn
32,2019,9,9,6.458373768,2.211550761,1.729921545,NA,NA,3.466615358,Park/Green Space,Maintained_lawn
33,2019,10,10,0.154337389,0.98825022,0.51608054,NA,NA,0.552889383,Park/Green Space,Maintained_lawn
34,2019,11,11,7.31180173,6.440641001,7.7312129,NA,NA,7.161218544,Residential,Garden_food_producing_in_ground
35,2019,12,12,12.74821091,14.47367693,20.48718726,NA,NA,15.90302503,Residential,Garden_non_food_producing
36,2019,13,13,17.9163606,3.215884797,12.40708651,NA,NA,11.1797773,Residential,Maintained_lawn
37,2019,14,14,46.02694347,22.64904534,NA,NA,NA,34.33799441,Residential,Maintained_lawn
38,2019,15,15,6.467471544,10.51862416,2.668142676,1.482208043,1.431097421,4.513508769,Residential,Maintained_lawn
39,2019,16,16,11.23600947,35.02432488,24.92495059,NA,NA,23.72842831,Residential,Garden_non_food_producing
40,2019,17,17,3.268827652,3.395526398,4.983484017,NA,NA,3.882612689,Park/Green Space,Natural_vegetation
41,2019,18,18,6.233578313,5.574744833,3.281497527,NA,NA,5.029940224,Park/Green Space,Natural_vegetation
42,2019,19,19,6.436296307,2.432615927,14.10157045,NA,NA,7.656827561,Park/Green Space,Garden_non_food_producing
43,2019,20,20,4.865231854,6.941344661,11.65628465,NA,NA,7.820953722,Park/Green Space,Natural_vegetation
44,2019,21,21,0.785532226,0.571982311,0.405435988,NA,NA,0.587650175,Park/Green Space,Maintained_lawn
45,2019,22,22,3.648923891,3.547564894,8.311437751,NA,NA,5.169308845,Park/Green Space,Garden_non_food_producing
46,2019,23,23,18.64855425,12.37213257,21.55145673,NA,NA,17.52404785,Park/Green Space,Maintained_lawn
47,2019,24,24,4.151811708,4.409116368,5.777462827,NA,NA,4.779463634,Park/Green Space,Maintained_lawn
48,2019,25,25,7.601924772,1.430068477,8.362117249,NA,NA,5.798036833,Park/Green Space,Maintained_lawn
49,2019,26,26,1.54539658,0.65883348,1.140288716,NA,NA,1.114839592,Residential,Maintained_lawn
50,2019,27,27,1.137569689,2.164619169,0.807296721,NA,NA,1.369828526,Residential,Garden_non_food_producing
51,2019,28,28,0.912230973,1.15328103,NA,NA,NA,1.032756001,Residential,Maintained_lawn
52,2019,29,29,0.611914131,1.520384954,2.128538936,NA,NA,1.42027934,Residential,Maintained_lawn
53,2019,30,30,12.97395161,4.899018186,0.945690445,NA,NA,6.272886747,Residential,Maintained_lawn
54,2019,31,31,2.547482522,1.520384954,7.642447566,NA,NA,3.903438347,Residential,Maintained_lawn
55,2019,32,32,0.965803813,1.140288716,1.221521546,NA,NA,1.109204692,Residential,Maintained_lawn
56,2019,33,33,0.304108202,0.258444848,0.61298232,NA,NA,0.391845123,Residential,Maintained_lawn
57,2019,34,34,1.045264656,0.760192477,1.089609217,NA,NA,0.965022117,Residential,Maintained_lawn
58,2019,35,35,1.453134098,3.875024261,1.216307964,NA,NA,2.181488774,Residential,Maintained_lawn
59,2019,36,36,0.83054761,0.551568798,0.719439609,NA,NA,0.700518672,Residential,Maintained_lawn
60,2020,1,1,0.634304567,1.122453739,0.20182418,NA,NA,0.652860829,Residential,Maintained_lawn
61,2020,1,2,0.576640515,0.484730772,0.465748833,NA,NA,0.50904004,Residential,Maintained_lawn
62,2020,1,3,3.359317612,14.31676657,5.535748944,2.799431343,NA,6.502816117,Residential,Garden_non_food_producing
63,2020,2,4,0.506794985,1.266987462,2.533974924,NA,NA,1.435919124,Residential,Maintained_lawn
64,2020,2,5,45.75140622,29.41161829,NA,NA,NA,37.58151226,Residential,Garden
65,2020,2,6,3.91920388,0.844658308,4.843780326,NA,NA,3.202547505,Residential,Garden
66,2020,3,7,2.280577432,6.121270373,2.30656206,NA,NA,3.569469955,Residential,Maintained_lawn
67,2020,3,8,4.790559422,13.43727045,4.790559422,NA,NA,7.672796431,Residential,Garden_food_producing_raised_beds
68,2020,3,9,22.04558184,12.56322096,4.561154863,NA,NA,13.05665255,Residential,Maintained_lawn
69,2020,4,10,NA,6.91968618,12.77482513,NA,NA,9.847255655,Residential,Maintained_lawn
70,2020,4,11,11.5328103,11.5328103,11.5328103,NA,NA,11.5328103,Residential,Garden_food_producing_raised_beds
71,2020,4,12,20.54144769,7.006411691,NA,NA,NA,13.77392969,Residential,Maintained_lawn
72,2020,5,13,18.36381112,11.90602716,14.06356083,NA,NA,14.7777997,Residential,Maintained_lawn
73,2020,5,14,1.845249648,2.027179939,23.1936387,15.2208254,NA,10.57172342,Residential,Maintained_lawn
74,2020,5,15,14.53134098,17.99118407,14.44365707,NA,NA,15.65539404,Residential,Maintained_lawn
75,2020,6,16,9.495219271,27.36692918,9.921689301,NA,NA,15.59461258,Residential,Garden_non_food_producing
76,2020,6,17,15.1620454,22.13658629,9.921689301,NA,NA,15.740107,Residential,Maintained_lawn
77,2020,6,18,14.53036679,12.71407094,NA,NA,NA,13.62221887,Residential,Garden_food_producing_raised_beds
78,2020,7,19,1.551138472,3.877846179,3.16507309,NA,NA,2.864685914,Residential,Garden_non_food_producing
79,2020,7,20,3.690499296,14.49602419,6.91968618,NA,NA,8.368736555,Residential,Maintained_lawn
80,2020,7,21,17.31190248,15.2233096,NA,NA,NA,16.26760604,Residential,Garden
81,2020,8,22,1.688038982,1.266029236,4.642107199,NA,NA,2.532058472,Residential,Maintained_lawn
82,2020,8,23,19.8433786,20.65683447,10.37954541,NA,NA,16.95991949,Residential,Maintained_lawn
83,2020,8,24,6.91968618,7.896896489,4.307757371,NA,NA,6.374780013,Residential,Garden
84,2020,9,25,1.582536545,0.745414311,0.576640515,NA,NA,0.968197124,Residential,Garden_non_food_producing
85,2020,9,26,2.075905854,7.558464626,3.490061561,NA,NA,4.37481068,Residential,Garden_non_food_producing
86,2020,9,27,2.872838088,2.537218266,6.013638872,NA,NA,3.807898409,Residential,Garden_food_producing_raised_beds
87,2020,10,28,NA,NA,NA,NA,NA,0,Residential,Maintained_lawn
88,2020,10,29,NA,NA,NA,NA,NA,0,Residential,Maintained_lawn
89,2020,10,30,NA,NA,NA,NA,NA,0,Residential,Garden
90,2020,11,31,0.099549015,0.268330766,0.64017525,NA,NA,0.336018344,Residential,Maintained_lawn
91,2020,11,32,23.09530858,3.800962386,1.679658806,NA,NA,9.525309924,Residential,Garden_food_producing_in_ground
92,2020,11,33,6.439158439,0.178007926,0.519189785,NA,NA,2.378785384,Residential,Maintained_lawn
93,2020,12,34,4.307757371,1.539687239,3.547564894,NA,NA,3.131669835,Residential,Maintained_lawn
94,2020,12,35,1.653614884,8.782692274,13.1766696,NA,NA,7.870992253,Residential,Garden_non_food_producing
95,2020,12,36,11.17489732,3.193706281,5.291567627,NA,NA,6.553390409,Residential,Garden
96,2020,13,37,28.99204838,28.99204838,47.90559422,38.00962386,NA,35.97482871,Residential,Maintained_lawn
97,2020,13,38,21.16627051,41.81058625,27.67874472,NA,NA,30.21853383,Residential,Garden_non_food_producing
98,2020,13,39,2.743063345,4.630121674,4.851854529,NA,NA,4.075013183,Residential,Garden
99,2020,14,40,2.204819845,2.075905854,3.96867572,NA,NA,2.749800473,Residential,Garden
100,2020,14,41,17.19759479,27.21962858,5.953013581,NA,NA,16.79007898,Residential,Garden_non_food_producing
101,2020,14,42,3.436730291,NA,NA,NA,NA,3.436730291,Residential,Maintained_lawn
102,2020,15,43,0.101080303,0.771686946,2.425301829,NA,NA,1.099356359,Residential,Garden_non_food_producing
103,2020,15,44,23.26707708,34.18278938,22.14299578,NA,NA,26.53095408,Residential,Garden
104,2020,15,45,0.073731369,0.088192794,0.086496077,NA,NA,0.082806747,Residential,Maintained_lawn
105,2020,16,46,10.58313525,10.76124851,8.725153903,NA,NA,10.02317922,Residential,Garden_non_food_producing
106,2020,16,47,6.523210885,26.58661396,27.21962858,NA,NA,20.10981781,Residential,Garden_food_producing_raised_beds
107,2020,16,48,5.76640515,18.61366166,3.335649989,NA,NA,9.238572266,Residential,Garden_food_producing_raised_beds
108,2020,17,49,53.92130019,127.4503459,55.87414707,NA,NA,79.08193105,Residential,Maintained_lawn
109,2020,17,50,29.06268196,12.45543512,17.19759479,NA,NA,19.57190396,Residential,Garden_food_producing_raised_beds
110,2020,17,51,24.30813879,54.89385083,21.79701147,NA,NA,33.6663337,Residential,Maintained_lawn
111,2020,18,52,7.221828533,12.38686994,5.598862686,NA,NA,8.402520386,Residential,Maintained_lawn
112,2020,18,53,5.291567627,2.30656206,1.551138472,NA,NA,3.049756053,Residential,Garden_food_producing_raised_beds
113,2020,18,54,1.393686208,0.966401613,3.229186884,NA,NA,1.863091568,Residential,Garden_food_producing_raised_beds
114,2020,19,55,31.36791476,8.586584526,15.68395738,NA,NA,18.54615222,Residential,Maintained_lawn
115,2020,19,56,17.29921545,8.398294029,13.07183035,NA,NA,12.92311328,Residential,Garden_food_producing_raised_beds
116,2020,19,57,57.31835675,61.72746111,55.87414707,NA,NA,58.30665498,Residential,Garden_food_producing_raised_beds
117,2020,20,58,3.86560645,2.027179939,2.204819845,NA,NA,2.699202078,Residential,Maintained_lawn
118,2020,20,59,7.275905487,6.573701871,3.040769909,NA,NA,5.630125756,Residential,Garden
119,2020,20,60,3.86560645,0.581676927,19.8433786,NA,NA,8.096887326,Residential,Garden
120,2020,21,61,3.376077963,NA,NA,NA,NA,3.376077963,Residential,Garden
121,2020,21,62,9.784816327,7.279668108,14.55181097,9.097227242,5.074436532,9.157591836,Residential,Garden
122,2020,21,63,26.87454089,21.52249702,29.10362195,NA,NA,25.83355329,Residential,Maintained_lawn
123,2020,22,64,21.95754033,18.36381112,17.48442698,NA,NA,19.26859281,Residential,Maintained_lawn
124,2020,22,65,17.85904074,22.14299578,9.921689301,NA,NA,16.64124194,Residential,Maintained_lawn
125,2020,22,66,9.590966324,4.630121674,7.596175417,NA,NA,7.272421138,Residential,Maintained_lawn
126,2020,23,67,5.291567627,10.12823389,5.275121817,NA,NA,6.898307778,Residential,Maintained_lawn
127,2020,23,68,13.9263216,22.83496439,12.45543512,NA,NA,16.4055737,Residential,Maintained_lawn
128,2020,23,69,22.14299578,28.99204838,30.44661919,NA,NA,27.19388778,Residential,Garden_food_producing_raised_beds
129,2020,24,70,15.96853141,10.49786754,7.611654798,NA,NA,11.35935125,Residential,Maintained_lawn
130,2020,24,71,28.97972278,30.40769909,42.57077872,NA,NA,33.98606686,Residential,Garden_non_food_producing
131,2020,24,72,90.69092062,68.34111766,66.13656548,NA,NA,75.05620125,Residential,Garden_food_producing_raised_beds
132,2020,25,73,12.32162056,21.52249702,14.55181097,NA,NA,16.13197618,Residential,Maintained_lawn
133,2020,25,74,3.071466569,1.290489094,6.701381605,NA,NA,3.687779089,Residential,Maintained_lawn
134,2020,25,75,175.6603226,39.48314795,48.77330041,NA,NA,87.97225699,Residential,Garden_food_producing_raised_beds
135,2020,26,76,23.61402729,17.99118407,9.687560652,NA,NA,17.09759067,Residential,Garden
136,2020,26,77,19.60774552,14.53134098,4.293292263,NA,NA,12.81079292,Residential,Maintained_lawn
137,2020,26,78,20.38914459,20.54144769,19.60774552,NA,NA,20.17944593,Residential,Garden_food_producing_raised_beds
138,2020,27,79,14.55556359,29.08384634,10.47018468,NA,NA,18.03653154,Residential,Garden_non_food_producing
139,2020,27,80,13.9263216,11.63353854,NA,NA,NA,12.77993007,Residential,Maintained_lawn
140,2020,27,81,1.15328103,1.163353854,1.066407699,NA,NA,1.127680861,Residential,Garden
141,2020,28,82,46.68510839,26.1436607,12.59744104,NA,NA,28.47540338,Residential,Maintained_lawn
142,2020,28,83,17.2734901,19.60774552,16.80663902,NA,NA,17.89595821,Residential,Maintained_lawn
143,2020,28,84,12.5471659,8.398294029,8.362117249,NA,NA,9.769192393,Residential,Garden
144,2020,29,85,14.93923468,14.53134098,23.52693301,NA,NA,17.66583622,Residential,Garden
145,2020,29,86,15.19235083,7.957639107,19.31981518,NA,NA,14.15660171,Residential,Maintained_lawn
146,2020,29,87,10.91778224,264.983224,4.619061716,NA,NA,93.50668932,Residential,Garden_non_food_producing
147,2020,30,88,39.73269203,43.08150595,22.88705004,NA,NA,35.23374934,Residential,Garden_non_food_producing
148,2020,30,89,7.764548893,53.13156141,30.44661919,NA,NA,30.4475765,Residential,Garden_non_food_producing
149,2020,30,90,5.997061356,43.4814738,48.0974693,NA,NA,32.52533482,Residential,Garden_food_producing_in_ground
150,2020,31,91,5.038976417,1.551138472,3.805827399,NA,NA,3.465314096,Residential,Garden
151,2020,31,92,7.601924772,15.1236001,12.92051472,NA,NA,11.8820132,Residential,Garden_non_food_producing
152,2020,31,93,8.862204653,6.463783748,4.431102327,NA,NA,6.585696909,Residential,Garden
153,2020,32,94,33.21449366,16.60724683,25.59378478,NA,NA,25.13850842,Residential,Maintained_lawn
154,2020,32,95,29.27672044,22.14299578,7.982021011,NA,NA,19.80057908,Residential,Garden
155,2020,32,96,1.688038982,1.793541418,NA,NA,NA,1.7407902,Residential,Garden
156,2020,33,97,21.95754033,20.91194317,14.63836022,NA,NA,19.16928124,Residential,Maintained_lawn
157,2020,33,98,16.72955454,18.67404336,11.76346651,NA,NA,15.7223548,Residential,Garden
158,2020,33,99,17.08200756,16.79658806,4.155289552,NA,NA,12.67796172,Residential,Garden
159,2020,34,100,1.399715672,27.07736287,15.91527821,NA,NA,14.79745225,Residential,Maintained_lawn
160,2020,34,101,6.963160799,15.11692925,8.364777269,NA,NA,10.14828911,Residential,Garden
161,2020,34,102,8.364777269,10.09722796,3.359317612,NA,NA,7.27377428,Residential,Maintained_lawn
162,2020,35,103,5.227985793,5.828142325,12.66029236,NA,NA,7.905473493,Residential,Maintained_lawn
163,2020,35,104,24.21890163,14.27709985,13.83937236,NA,NA,17.44512461,Residential,Maintained_lawn
164,2020,35,105,7.978379328,12.59744104,5.098284562,NA,NA,8.558034977,Residential,Maintained_lawn
165,2020,36,106,13.77484925,20.86760445,11.50156874,NA,NA,15.38134081,Residential,Maintained_lawn
166,2020,36,107,12.59414789,8.714553566,6.84714923,NA,NA,9.385283562,Residential,Garden_non_food_producing
167,2020,36,108,20.91194317,8.398294029,5.87880582,NA,NA,11.72968101,Residential,Garden
168,2020,37,109,13.43727045,15.2233096,13.68346459,NA,NA,14.11468155,Residential,Garden
169,2020,37,110,16.79658806,14.93923468,14.63836022,NA,NA,15.45806099,Residential,Garden
170,2020,37,111,14.16841638,18.20719227,15.11692925,NA,NA,15.83084597,Residential,Garden
171,2020,38,112,20.75905854,10.37952927,15.96404202,NA,NA,15.70087661,Residential,Garden
172,2020,38,113,13.43727045,4.199147015,16.79658806,NA,NA,11.47766851,Residential,Maintained_lawn
173,2020,38,114,NA,NA,NA,NA,NA,0,Residential,NA
174,2020,39,115,7.611654798,5.235092342,2.743063345,NA,NA,5.196603495,Residential,Maintained_lawn
175,2020,39,116,3.800962386,3.91920388,5.997061356,NA,NA,4.572409207,Residential,Maintained_lawn
176,2020,39,117,15.2233096,13.96024625,10.76124851,NA,NA,13.31493479,Residential,Maintained_lawn
177,2020,40,118,5.038976417,7.558464626,6.461636056,NA,NA,6.3530257,Residential,Maintained_lawn
178,2020,40,NA,17.99118407,6.330146181,20.52519688,NA,NA,14.94884238,Residential,Maintained_lawn
179,2020,40,119,4.56162303,3.935517908,4.306838239,NA,NA,4.267993059,Residential,Maintained_lawn
180,2020,41,120,13.29330698,34.24033957,21.28538936,NA,NA,22.93967864,Residential,Garden_food_producing_raised_beds
181,2020,41,121,22.88705004,7.469617342,7.558464626,NA,NA,12.63837734,Residential,Garden_food_producing_raised_beds
182,2020,41,122,7.596175417,4.071738488,3.75663073,NA,NA,5.141514878,Residential,Maintained_lawn
183,2020,41,123,7.982021011,3.113858781,14.55933622,NA,NA,8.551738671,Residential,Maintained_lawn
184,2020,42,124,17.21054376,22.60426006,12.8090807,NA,NA,17.54129484,Residential,Garden_food_producing_in_ground
185,2020,42,125,5.535748944,4.329238337,1.383937236,NA,NA,3.749641506,Residential,Garden_food_producing_in_ground
186,2020,42,126,17.99118407,4.151811708,6.013638872,NA,NA,9.385544883,Residential,Garden_food_producing_in_ground
187,2020,42,127,6.91968618,7.969734211,4.201659755,NA,NA,6.363693382,Residential,Garden_food_producing_in_ground
188,2020,43,128,6.107607732,7.957639107,11.47766851,NA,NA,8.514305116,Residential,Garden
189,2020,43,129,4.472485864,6.211785922,9.659907592,NA,NA,6.781393126,Residential,Garden
190,2020,43,130,5.235092342,3.780900025,3.877846179,NA,NA,4.297946182,Residential,Maintained_lawn
191,2020,44,131,6.689284659,6.107607732,10.19656912,NA,NA,7.66448717,Community Garden/Urban Farm,Garden_food_producing_in_ground
192,2020,44,132,5.634946095,4.653415415,4.220097454,NA,NA,4.836152988,Community Garden/Urban Farm,Garden_food_producing_in_ground
193,2020,44,133,4.924787617,7.279668108,6.171607628,NA,NA,6.125354451,Community Garden/Urban Farm,Garden_food_producing_in_ground
194,2020,44,134,12.16307964,7.244930694,5.07868723,NA,NA,8.162232521,Community Garden/Urban Farm,Garden_food_producing_in_ground
195,2021,45,135,118.1284228,62.05208468,85.87520534,NA,NA,88.68523761,Residential,Maintained_lawn
196,2021,45,136,42.68295244,29.27793909,29.27793909,NA,NA,33.74627687,Residential,Maintained_lawn
197,2021,45,137,138.1489338,33.76205212,37.41533625,NA,NA,69.77544072,Residential,Maintained_lawn
198,2021,46,138,59.20668593,34.29795771,99.86290377,NA,NA,64.45584914,Community Garden/Urban Farm,Garden_food_producing_in_ground
199,2021,46,139,45.40739621,73.58319225,108.7036845,NA,NA,75.89809099,Community Garden/Urban Farm,Garden_food_producing_in_ground
200,2021,46,140,90.03213898,15.76782691,110.3747884,NA,NA,72.05825143,Community Garden/Urban Farm,Garden_food_producing_in_ground
201,2021,46,141,141.4790755,137.1918308,46.04964461,NA,NA,108.2401836,Community Garden/Urban Farm,Garden_food_producing_in_ground
202,2021,46,142,175.7770332,94.60696146,63.07130764,NA,NA,111.1517674,Community Garden/Urban Farm,Garden_food_producing_in_ground
203,2021,46,143,54.02716337,69.15476912,49.93145188,NA,NA,57.70446146,Community Garden/Urban Farm,Garden_food_producing_in_ground
204,2021,47,144,29.61853534,131.8262786,62.67150951,NA,NA,74.70544115,Community Garden/Urban Farm,Garden_food_producing_in_ground
205,2021,47,145,NA,NA,NA,NA,NA,NA,Community Garden/Urban Farm,Garden_food_producing_in_ground
206,2021,47,146,3.590125496,2.154075298,1.29020135,NA,NA,2.344800715,Community Garden/Urban Farm,Garden_food_producing_in_ground
207,2021,47,147,31.48246137,14.7526429,20.17014099,NA,NA,22.13508175,Community Garden/Urban Farm,Garden_food_producing_in_ground
208,2021,47,148,11.88597594,18.39579806,11.88597594,NA,NA,14.05591665,Community Garden/Urban Farm,Garden_food_producing_in_ground
209,2021,47,149,18.16295848,13.57627493,21.38019214,NA,NA,17.70647518,Community Garden/Urban Farm,Garden_food_producing_in_ground
210,2021,48,150,50.01785499,113.0132572,8.321908647,NA,NA,57.11767361,Community Garden/Urban Farm,Garden_food_producing_in_ground
211,2021,48,151,12.60883126,8.223150823,12.11667355,NA,NA,10.98288521,Community Garden/Urban Farm,Garden_food_producing_in_ground
212,2021,48,152,6.988094003,11.64682334,7.31918011,NA,NA,8.651365818,Community Garden/Urban Farm,Garden_food_producing_in_ground
213,2021,49,153,12.60633812,10.89777509,18.72941664,NA,NA,14.07784328,Community Garden/Urban Farm,Garden_food_producing_in_ground
214,2021,49,154,1.240986377,1.42350063,2.847001261,NA,NA,1.837162756,Community Garden/Urban Farm,Garden_food_producing_in_ground
215,2021,49,155,4.357276783,9.758906814,8.118350895,NA,NA,7.411511497,Community Garden/Urban Farm,Garden_food_producing_in_ground
216,2021,50,156,4.141092743,3.241629802,13.46297061,NA,NA,6.948564385,Community Garden/Urban Farm,Garden_food_producing_in_ground
217,2021,50,157,23.05158971,11.82587018,9.835095264,NA,NA,14.90418505,Community Garden/Urban Farm,Garden_food_producing_in_ground
218,2021,50,158,1.167987179,0.690182124,3.752865298,NA,NA,1.870344867,Community Garden/Urban Farm,Garden_food_producing_in_ground
219,2021,51,159,8.526548053,68.32457585,84.81671484,NA,NA,53.88927958,Community Garden/Urban Farm,Garden_food_producing_in_ground
220,2021,51,160,19.97925433,27.01358169,15.76782691,NA,NA,20.92022098,Community Garden/Urban Farm,Garden_food_producing_in_ground
221,2021,51,161,39.47112395,29.60334296,18.39939317,NA,NA,29.15795336,Community Garden/Urban Farm,Garden_food_producing_in_ground
222,2021,52,162,127.8834227,22.70369811,30.25521149,NA,NA,60.28077743,Community Garden/Urban Farm,Garden_food_producing_in_ground
223,2021,52,163,5.385188244,6.659751444,9.197899031,NA,NA,7.08094624,Community Garden/Urban Farm,Garden_food_producing_in_ground
224,2021,52,164,13.13985576,19.73556198,12.86173414,NA,NA,15.24571729,Community Garden/Urban Farm,Garden_food_producing_in_ground
225,2021,53,165,9.758906814,22.25837349,17.28869228,NA,NA,16.43532419,Community Garden/Urban Farm,Garden_food_producing_in_ground
226,2021,53,166,9.424079427,4.486183805,9.927891018,NA,NA,7.946051417,Community Garden/Urban Farm,Garden_food_producing_in_ground
227,2021,53,167,13.59276306,10.3216108,10.3216108,NA,NA,11.41199489,Community Garden/Urban Farm,Garden_food_producing_in_ground
228,2021,54,168,5.576518179,9.199696583,4.936422557,NA,NA,6.570879106,Community Garden/Urban Farm,Garden_food_producing_in_ground
229,2021,54,169,20.18782712,6.731485305,7.870615343,NA,NA,11.59664259,Community Garden/Urban Farm,Garden_food_producing_in_ground
230,2021,54,170,6.796381531,4.530921021,9.317458671,NA,NA,6.881587074,Community Garden/Urban Farm,Garden_food_producing_in_ground
231,2021,55,171,23.81128327,8.414356631,4.295029972,NA,NA,12.17355662,Community Garden/Urban Farm,Garden_food_producing_in_ground
232,2021,55,172,8.282185485,1.811728075,1.617614353,NA,NA,3.903842638,Community Garden/Urban Farm,Garden_food_producing_in_ground
233,2021,55,173,1.084779645,6.127420476,3.991010505,NA,NA,3.734403542,Community Garden/Urban Farm,Garden_food_producing_in_ground
234,2021,56,174,11.34570431,19.70978364,13.79684855,NA,NA,14.95077883,Community Garden/Urban Farm,Garden_food_producing_in_ground
235,2021,56,175,5.762897426,6.861562094,7.923983961,NA,NA,6.84948116,Community Garden/Urban Farm,Garden_food_producing_in_ground
236,2021,56,176,6.12307815,7.883913455,8.28416505,NA,NA,7.430385552,Community Garden/Urban Farm,Garden_food_producing_in_ground
237,2021,57,177,38.1055817,14.7526429,23.77195188,NA,NA,25.54339216,Community Garden/Urban Farm,Garden_food_producing_in_ground
238,2021,57,178,25.21766252,10.29288701,4.598949516,NA,NA,13.36983302,Community Garden/Urban Farm,Garden_food_producing_in_ground
239,2021,57,179,7.764548893,4.712039713,8.713309655,NA,NA,7.06329942,Community Garden/Urban Farm,Garden_food_producing_in_ground
240,2021,58,180,5.582806882,1.890950718,21.09198729,NA,NA,9.521914963,Community Garden/Urban Farm,Garden_food_producing_in_ground
241,2021,58,181,3.141359809,80.58286814,34.16401513,NA,NA,39.29608103,Community Garden/Urban Farm,Garden_food_producing_in_ground
242,2021,58,182,16.56437097,12.5471659,42.40835742,NA,NA,23.83996476,Community Garden/Urban Farm,Garden_food_producing_in_ground
243,2021,59,183,2.916976965,2.78825909,0.755153503,NA,NA,2.153463186,Community Garden/Urban Farm,Garden_food_producing_in_ground
244,2021,59,184,5.718925778,9.238123432,5.1608054,NA,NA,6.705951537,Community Garden/Urban Farm,Garden_food_producing_in_ground
245,2021,59,185,4.357276783,6.273582952,1.296808566,NA,NA,3.975889434,Community Garden/Urban Farm,Garden_food_producing_in_ground
246,2021,60,186,7.469617342,20.19445591,18.16295848,NA,NA,15.27567724,Community Garden/Urban Farm,Garden_food_producing_in_ground
247,2021,60,187,9.424079427,4.722805459,6.069064091,NA,NA,6.738649659,Community Garden/Urban Farm,Garden_food_producing_in_ground
248,2021,60,188,17.25235312,17.25235312,123.1819325,NA,NA,52.56221291,Community Garden/Urban Farm,Garden_food_producing_in_ground
249,2021,61,189,54.02716337,40.86665659,24.51999395,NA,NA,39.80460464,Community Garden/Urban Farm,Garden_food_producing_in_ground
250,2021,61,190,30.22166825,6.099316759,2.019445591,NA,NA,12.78014353,Community Garden/Urban Farm,Garden_food_producing_in_ground
251,2021,61,191,6.099316759,10.52132141,22.87570311,NA,NA,13.16544709,Community Garden/Urban Farm,Garden_food_producing_in_ground
252,2021,62,192,3.364637853,6.205677482,3.702316918,NA,NA,4.424210751,Community Garden/Urban Farm,Garden_food_producing_in_ground
253,2021,62,193,6.224681119,12.34105639,7.893958041,NA,NA,8.819898517,Community Garden/Urban Farm,Garden_food_producing_in_ground
254,2021,62,194,26.92594122,35.71692491,20.0719232,NA,NA,27.57159644,Community Garden/Urban Farm,Garden_food_producing_in_ground
255,2021,63,195,51.24602269,63.66930092,6.970647724,NA,NA,40.62865711,Community Garden/Urban Farm,Garden_food_producing_in_ground
256,2021,63,196,19.67835608,18.11728075,14.80926767,NA,NA,17.53496817,Community Garden/Urban Farm,Garden_food_producing_in_ground
257,2021,63,197,3.105819557,2.847001261,3.935307672,NA,NA,3.29604283,Community Garden/Urban Farm,Garden_food_producing_in_ground
258,2021,64,198,2.178327414,3.029168387,6.123078515,NA,NA,3.776858105,Community Garden/Urban Farm,Garden_food_producing_in_ground
259,2021,64,199,0.785339952,1.045597159,0.697064772,NA,NA,0.842667295,Community Garden/Urban Farm,Garden_food_producing_in_ground
260,2021,64,200,7.469617342,21.98951866,26.92594122,NA,NA,18.79502574,Community Garden/Urban Farm,Garden_food_producing_in_ground
261,2021,65,201,0.897531374,0.897531374,1.816295848,NA,NA,1.203786199,Community Garden/Urban Farm,Garden_food_producing_in_ground
262,2021,65,202,0.464709848,0.721539723,0.720362178,NA,NA,0.63553725,Community Garden/Urban Farm,Garden_food_producing_in_ground
263,2021,65,203,11.12918675,10.0850705,13.97618801,NA,NA,11.73014842,Community Garden/Urban Farm,Garden_food_producing_in_ground
264,2021,66,204,14.63836022,0.532909253,14.11556164,NA,NA,9.762277038,Community Garden/Urban Farm,Garden_food_producing_in_ground
265,2021,66,205,14.16841638,4.48765687,8.870170594,NA,NA,9.175414615,Community Garden/Urban Farm,Garden_food_producing_in_ground
266,2021,66,206,10.49786754,41.82388634,7.31918011,NA,NA,19.88031133,Community Garden/Urban Farm,Garden_food_producing_in_ground
267,2021,67,207,24.5096819,12.11667355,17.25235312,NA,NA,17.95956952,Community Garden/Urban Farm,Garden_food_producing_in_ground
268,2021,67,208,6.282719618,2.327027304,3.112340559,NA,NA,3.907362494,Community Garden/Urban Farm,Garden_food_producing_in_ground
269,2021,67,209,3.968234213,3.485323862,4.852843058,NA,NA,4.102133711,Community Garden/Urban Farm,Garden_food_producing_in_ground
270,2021,68,210,2.19995552,2.697361818,5.402251986,NA,NA,3.433189775,Community Garden/Urban Farm,Garden_food_producing_in_ground
271,2021,68,211,8.364777269,5.11637258,2.701125993,NA,NA,5.394091947,Community Garden/Urban Farm,Garden_food_producing_in_ground
272,2021,68,212,23.79226468,25.93303842,3.48123371,NA,NA,17.73551227,Community Garden/Urban Farm,Garden_food_producing_in_ground
273,2021,69,213,6.731485305,5.435184225,8.077782366,NA,NA,6.748150632,Community Garden/Urban Farm,Garden_food_producing_in_ground
274,2021,69,214,27.17592112,48.14020313,15.74123069,NA,NA,30.35245165,Community Garden/Urban Farm,Garden_food_producing_in_ground
275,2021,69,215,58.12146715,4.936422557,3.423574615,NA,NA,22.16048811,Community Garden/Urban Farm,Garden_food_producing_in_ground
276,2021,70,216,12.19863352,51.15928832,40.77828919,NA,NA,34.71207034,Community Garden/Urban Farm,Garden_food_producing_in_ground
277,2021,70,217,51.15928832,48.14020313,29.50528579,NA,NA,42.93492575,Community Garden/Urban Farm,Garden_food_producing_in_ground
278,2021,70,218,32.31112946,25.72346828,18.63491734,NA,NA,25.55650503,Community Garden/Urban Farm,Garden_food_producing_in_ground
279,2021,71,219,20.91194317,13.07183035,6.535915175,NA,NA,13.5065629,Community Garden/Urban Farm,Garden_food_producing_in_ground
280,2021,71,220,19.67019053,30.9648324,19.52130738,NA,NA,23.38544344,Community Garden/Urban Farm,Garden_food_producing_in_ground
281,2021,71,221,35.42104094,6.796381531,11.10695075,NA,NA,17.77479107,Community Garden/Urban Farm,Garden_food_producing_in_ground
282,2021,72,222,22.21390151,5.925050566,12.5471659,NA,NA,13.56203933,Community Garden/Urban Farm,Garden_food_producing_in_ground
283,2021,72,223,17.55752654,59.937763,29.50528579,NA,NA,35.66685844,Community Garden/Urban Farm,Garden_food_producing_in_ground
284,2021,72,224,14.16841638,12.02436732,37.69631771,NA,NA,21.29636714,Community Garden/Urban Farm,Garden_food_producing_in_ground
285,2022,1,1,5.055279973,4.124044189,2.694452668,NA,NA,3.95792561,Residential,Maintained_lawn
286,2022,1,2,4.591500101,3.98602756,8.381122061,NA,NA,5.652883241,Residential,Garden_non_food_producing
287,2022,1,3,NA,NA,NA,NA,NA,NA,Residential,Maintained_lawn
288,2022,1,4,20.10168835,41.1074082,20.72664789,NA,NA,27.31191481,Residential,Garden_food_producing_raised_beds
289,2022,2,1,5.587414707,3.591909455,7.103557033,NA,NA,5.427627065,Park/Green Space,Maintained_lawn
290,2022,2,2,1.086441749,2.26157262,2.563115636,NA,NA,1.970376668,Park/Green Space,Maintained_lawn
291,2022,2,3,1.89572999,4.225391683,12.88763809,NA,NA,6.336253254,Park/Green Space,Maintained_lawn
292,2022,3,1,18.8856637,10.97527889,NA,NA,NA,14.9304713,Park/Green Space,Maintained_lawn
293,2022,3,2,4.789212606,9.046290479,NA,NA,NA,6.917751543,Park/Green Space,Maintained_lawn
294,2022,3,3,NA,NA,NA,NA,NA,NA,Park/Green Space,Maintained_lawn
295,2022,4,1,8.203743816,7.275022203,6.064405077,NA,NA,7.181057032,Park/Green Space,Maintained_lawn
296,2022,4,2,11.3167012,3.857976822,NA,NA,NA,7.587339011,Park/Green Space,Maintained_lawn
297,2022,4,3,18.02606412,5.678875365,7.20599119,NA,NA,10.30364356,Park/Green Space,Maintained_lawn
298,2022,5,1,1.563145781,4.462171468,3.39235893,NA,NA,3.139225393,Park/Green Space,Maintained_lawn
299,2022,6,1,5.454381024,4.390111556,16.42965991,NA,NA,8.75805083,Community Garden/Urban Farm,Garden_food_producing_in_ground
300,2022,6,2,15.43186528,13.23685151,9.990296922,NA,NA,12.8863379,Community Garden/Urban Farm,Maintained_lawn
301,2022,6,3,18.86282772,17.46558123,27.24630671,NA,NA,21.19157189,Community Garden/Urban Farm,Garden_non_food_producing
302,2022,7,1,8.913256795,15.69797465,16.60762644,NA,NA,13.7396193,Park/Green Space,Maintained_lawn
303,2022,7,2,16.23010939,19.55595148,28.69939843,NA,NA,21.4951531,Park/Green Space,Maintained_lawn
304,2022,7,3,15.69797465,16.96179465,11.3078631,NA,NA,14.65587747,Park/Green Space,Maintained_lawn
305,2022,8,1,11.57393047,3.991010505,4.457527347,NA,NA,6.674156107,Park/Green Space,Maintained_lawn
306,2022,8,2,26.30765605,9.534080652,8.913256795,NA,NA,14.91833117,Park/Green Space,Maintained_lawn
307,2022,8,3,10.24359363,18.49168201,11.90651467,NA,NA,13.54726344,Park/Green Space,Maintained_lawn
308,2022,9,1,5.853482074,6.119549441,12.50516625,NA,NA,8.159399255,Park/Green Space,Maintained_lawn
309,2022,9,2,12.17258204,15.36539045,23.81302935,NA,NA,17.11700061,Park/Green Space,Maintained_lawn
310,2022,9,3,19.28988411,19.2201884,36.9833364,NA,NA,25.16446964,Park/Green Space,Maintained_lawn
311,2022,10,1,6.0530326,7.250335751,12.57168309,NA,NA,8.625017147,Park/Green Space,Maintained_lawn
312,2022,10,2,20.48718726,13.83550309,21.68449041,NA,NA,18.66906025,Park/Green Space,Maintained_lawn
313,2022,10,3,18.8907806,18.22561464,22.88179356,NA,NA,19.99939627,Park/Green Space,Maintained_lawn
314,2022,11,1,34.58875771,35.38695981,13.96853677,NA,NA,27.9814181,Park/Green Space,Natural_vegetation
315,2022,11,2,24.74426516,25.71977546,19.02381674,NA,NA,23.16261912,Park/Green Space,Natural_vegetation
316,2022,11,3,30.1543016,27.93707354,39.37797032,NA,NA,32.48978182,Park/Green Space,Natural_vegetation
317,2022,12,1,34.85482508,11.90651467,11.10831257,NA,NA,19.28988411,Park/Green Space,Maintained_lawn
318,2022,12,2,13.76898624,11.37437994,30.99684826,NA,NA,18.71340481,Park/Green Space,Maintained_lawn
319,2022,12,3,14.10157045,17.42741254,13.30336835,NA,NA,14.94411711,Park/Green Space,Maintained_lawn
320,2022,13,1,NA,NA,NA,NA,NA,NA,Residential,Maintained_lawn
321,2022,13,2,NA,NA,NA,NA,NA,NA,Residential,Maintained_lawn
322,2022,13,3,NA,NA,NA,NA,NA,NA,Residential,Maintained_lawn
323,2022,14,1,NA,NA,NA,NA,NA,NA,Park/Green Space,Unmanaged_Turfgrass
324,2022,14,2,NA,NA,NA,NA,NA,NA,Park/Green Space,Unmanaged_Turfgrass
325,2022,14,3,NA,NA,NA,NA,NA,NA,Park/Green Space,Unmanaged_Turfgrass
326,2022,15,1,NA,NA,NA,NA,NA,NA,Park/Green Space,Maintained_lawn
327,2022,15,2,NA,NA,NA,NA,NA,NA,Park/Green Space,Maintained_lawn
328,2022,15,3,NA,NA,NA,NA,NA,NA,Park/Green Space,Maintained_lawn
329,2022,16,1,NA,NA,NA,NA,NA,NA,Park/Green Space,Maintained_lawn
330,2022,16,2,NA,NA,NA,NA,NA,NA,Park/Green Space,Maintained_lawn
331,2022,16,3,NA,NA,NA,NA,NA,NA,Park/Green Space,Maintained_lawn
332,2022,17,1,NA,NA,NA,NA,NA,NA,Park/Green Space,Natural_vegetation
333,2022,17,2,NA,NA,NA,NA,NA,NA,Park/Green Space,Natural_vegetation
334,2022,17,3,NA,NA,NA,NA,NA,NA,Park/Green Space,Natural_vegetation
335,2022,18,1,9.644942054,12.80449204,14.89977255,NA,NA,12.44973555,Park/Green Space,Natural_vegetation
336,2022,18,2,6.252583125,1.89572999,8.048537852,NA,NA,5.398950322,Park/Green Space,Natural_vegetation
337,2022,18,3,3.39235893,19.42291779,26.07460197,NA,NA,16.29662623,Park/Green Space,Natural_vegetation
338,2022,19,1,5.055279973,3.724943138,5.919998916,NA,NA,4.900074009,Community Garden/Urban Farm,Garden_food_producing_in_ground
339,2022,19,2,12.9042673,3.991010505,3.591909455,NA,NA,6.82906242,Community Garden/Urban Farm,Garden_food_producing_in_ground
340,2022,19,3,7.538575399,8.71370627,6.651684176,NA,NA,7.634655282,Community Garden/Urban Farm,Garden_non_food_producing
341,2022,20,1,26.47370302,16.62921044,26.6067367,NA,NA,23.23655005,Community Garden/Urban Farm,Garden_food_producing_in_ground
342,2022,20,2,16.58994762,7.58291996,5.121796815,NA,NA,9.764888132,Community Garden/Urban Farm,Garden_food_producing_in_ground
343,2022,20,3,30.59774721,15.2988736,14.36763782,NA,NA,20.08808621,Community Garden/Urban Farm,Garden_food_producing_in_ground
344,2022,21,1,14.89977255,3.292583667,6.784717859,NA,NA,8.325691359,Community Garden/Urban Farm,Garden_non_food_producing
345,2022,21,2,3.192808404,33.12538719,24.74426513,NA,NA,20.35415357,Community Garden/Urban Farm,Garden_food_producing_in_ground
346,2022,21,3,28.07010722,5.875654355,2.860224195,NA,NA,12.26866192,Community Garden/Urban Farm,Garden_food_producing_in_ground
347,2022,22,1,15.96404202,8.780223112,3.26955172,NA,NA,9.337938951,Park/Green Space,Natural_vegetation
348,2022,22,2,19.98793979,25.14336618,15.16583992,NA,NA,20.09904863,Park/Green Space,Natural_vegetation
349,2022,22,3,NA,NA,NA,NA,NA,NA,Residential,Maintained_lawn
350,2022,23,1,7.715953644,36.45122928,19.15685043,NA,NA,21.10801112,Residential,Garden_food_producing_in_ground
351,2022,23,2,19.99879398,25.14336618,15.16583992,NA,NA,20.10266669,Residential,Maintained_lawn
352,2022,23,3,27.93707354,15.43190729,23.14786093,NA,NA,22.17228059,Park/Green Space,Maintained_lawn
353,2022,24,1,8.514155745,3.857976822,4.789212606,NA,NA,5.720448391,Park/Green Space,Maintained_lawn
354,2022,24,2,6.186066283,8.913256795,5.986515758,NA,NA,7.028612945,Park/Green Space,Maintained_lawn
355,2022,24,3,7.649436802,15.74231922,7.316852593,NA,NA,10.23620287,Park/Green Space,Maintained_lawn
356,2022,25,1,21.55145673,17.29437886,21.01932199,NA,NA,19.95505253,Park/Green Space,Maintained_lawn
357,2022,25,2,15.43190729,17.43190729,7.18381891,NA,NA,13.34921116,Park/Green Space,Unmanaged_Turfgrass
358,2022,25,3,4.190561031,58.82206013,18.09258096,NA,NA,27.03506737,Park/Green Space,Maintained_lawn
359,2022,26,1,10.90876221,9.046290479,11.57393047,NA,NA,10.50966105,Park/Green Space,Maintained_lawn
360,2022,26,2,10.90876205,9.046290476,11.57393047,NA,NA,10.509661,Park/Green Space,Maintained_lawn
361,2022,26,3,16.49617676,5.055279973,8.780223112,NA,NA,10.11055995,Park/Green Space,Maintained_lawn
362,2022,27,1,4.057527347,5.254830499,3.25932546,NA,NA,4.190561102,Park/Green Space,Maintained_lawn
363,2022,27,2,7.054566984,26.87280407,4.605064559,NA,NA,12.8441452,Park/Green Space,Maintained_lawn
364,2022,27,3,7.449886277,7.982021011,13.08034295,NA,NA,9.504083413,Park/Green Space,Maintained_lawn
365,2022,28,1,26.20763565,7.926590309,15.69797465,NA,NA,16.61073354,Park/Green Space,Maintained_lawn
366,2022,28,2,9.445391529,17.42741254,13.30336835,NA,NA,13.39205747,Park/Green Space,Maintained_lawn
367,2022,28,3,8.115054694,2.66067367,12.37213257,NA,NA,7.715953645,Park/Green Space,Maintained_lawn
368,2022,29,1,8.377298294,9.929749668,8.381122061,NA,NA,8.896056674,Park/Green Space,Maintained_lawn
369,2022,29,2,2.96681545,3.086377056,4.188649147,NA,NA,3.413947218,Park/Green Space,Maintained_lawn
370,2022,29,3,5.454381024,10.11055995,6.119549441,NA,NA,7.228163472,Park/Green Space,Maintained_lawn
371,2022,30,1,9.84449258,10.64269468,8.780223112,NA,NA,9.755803457,Park/Green Space,Maintained_lawn
372,2022,31,1,16.4606563,19.13293229,9.578425213,NA,NA,15.05733793,Park/Green Space,Unmanaged_Turfgrass
373,2022,31,2,9.977526263,12.50516625,6.385616808,NA,NA,9.622769774,Park/Green Space,Natural_vegetation
374,2022,32,1,6.175819915,6.613656548,5.454381024,NA,NA,6.081285829,Park/Green Space,Maintained_lawn
375,2022,32,2,6.385616808,7.982021001,5.853482074,NA,NA,6.740373294,Park/Green Space,Maintained_lawn
376,2022,32,3,9.179324162,13.83550309,6.252583125,NA,NA,9.755803459,Residential,Natural_vegetation
377,2022,33,1,21.01932199,19.95505253,11.17482941,NA,NA,17.38306798,Residential,Garden_food_producing_raised_beds
378,2022,33,2,6.252583125,6.319099967,10.11055995,NA,NA,7.560747681,Residential,Unmanaged_Turfgrass
379,2022,34,1,11.83999783,11.97303152,10.24359363,NA,NA,11.35220766,Community Garden/Urban Farm,Maintained_lawn
380,2022,34,2,15.96404202,12.23909888,12.1060652,NA,NA,13.43640203,Community Garden/Urban Farm,Maintained_lawn
381,2022,35,1,21.15235568,12.77123362,13.17033467,NA,NA,15.69797466,Park/Green Space,Natural_vegetation
382,2022,35,2,8.115055694,20.08808621,14.23460414,NA,NA,14.14591535,Park/Green Space,Natural_vegetation
383,2022,35,3,7.848987327,15.56494097,14.10157045,NA,NA,12.50516625,Park/Green Space,Natural_vegetation
384,2022,36,1,26.20763565,3.632835244,18.62471569,NA,NA,16.15506219,Residential,Maintained_lawn
385,2022,36,2,39.43698904,20.62022094,19.95505253,NA,NA,26.67075417,Residential,Maintained_lawn
386,2022,36,3,10.509661,25.40943355,NA,NA,NA,17.95954728,Residential,Maintained_lawn
387,2022,37,1,12.63819993,6.917751543,17.88475518,NA,NA,12.48023555,Residential,Maintained_lawn
388,2022,37,2,9.77114589,5.720448391,9.534080652,NA,NA,8.341891644,Residential,Maintained_lawn
389,2022,37,3,7.58291996,7.31685293,8.115054694,NA,NA,7.671609195,Residential,Maintained_lawn
390,2022,38,1,9.423219249,29.53347774,2.328089461,NA,NA,13.76159548,Community Garden/Urban Farm,Garden_food_producing_in_ground
391,2022,38,2,14.76673887,13.56943572,13.43640203,NA,NA,13.92419221,Community Garden/Urban Farm,Garden_food_producing_in_ground
392,2022,38,3,13.43640203,10.09120901,9.046290479,NA,NA,10.85796717,Community Garden/Urban Farm,Garden_food_producing_raised_beds
393,2022,39,1,22.88179356,36.4681336,40.26981987,NA,NA,33.20658234,Community Garden/Urban Farm,Garden_food_producing_in_ground
394,2022,39,2,49.48853027,33.25842088,NA,NA,NA,41.37347558,Community Garden/Urban Farm,Garden_food_producing_in_ground
395,2022,40,1,8.70223112,5.764792952,13.52509116,NA,NA,9.330705077,Community Garden/Urban Farm,Garden_food_producing_in_ground
396,2022,40,2,NA,NA,NA,NA,NA,NA,Community Garden/Urban Farm,Garden_food_producing_in_ground
397,2022,40,3,16.0970757,26.6067367,16.49617676,NA,NA,19.73332972,Community Garden/Urban Farm,Garden_food_producing_in_ground